clip,bone,present,minBoneY,maxBoneY
HouseDancing,Hips,True,0.1731109,0.213924065
HouseDancing,LeftUpperLeg,True,0.15596281,0.204698861
HouseDancing,RightUpperLeg,True,0.138296053,0.208601385
HouseDancing,LeftLowerLeg,True,0.06049333,0.132086664
HouseDancing,RightLowerLeg,True,0.06031213,0.18013984
HouseDancing,LeftFoot,True,0.0257496852,0.0985773355
HouseDancing,RightFoot,True,0.0162101388,0.136660725
HouseDancing,Spine,True,0.2170999,0.2569244
HouseDancing,Chest,True,0.268420547,0.307785958
HouseDancing,Neck,True,0.371268749,0.43284
HouseDancing,Head,True,0.390654147,0.461683
HouseDancing,LeftShoulder,True,0.366272748,0.425435662
HouseDancing,RightShoulder,True,0.3586145,0.422537148
HouseDancing,LeftUpperArm,True,0.324985266,0.410518765
HouseDancing,RightUpperArm,True,0.317521542,0.44347924
HouseDancing,LeftLowerArm,True,0.265103072,0.40849027
HouseDancing,RightLowerArm,True,0.242258087,0.461959779
HouseDancing,LeftHand,True,0.206023231,0.426027238
HouseDancing,RightHand,True,0.208498269,0.454431176
HouseDancing,LeftToes,True,-0.0206450634,0.0319702141
HouseDancing,RightToes,True,-0.0391783826,0.07836365
HouseDancing,LeftEye,False,Infinity,-Infinity
HouseDancing,RightEye,False,Infinity,-Infinity
HouseDancing,Jaw,False,Infinity,-Infinity
HouseDancing,LeftThumbProximal,False,Infinity,-Infinity
HouseDancing,LeftThumbIntermediate,False,Infinity,-Infinity
HouseDancing,LeftThumbDistal,False,Infinity,-Infinity
HouseDancing,LeftIndexProximal,True,0.157773271,0.438872933
HouseDancing,LeftIndexIntermediate,True,0.1533907,0.441856742
HouseDancing,LeftIndexDistal,True,0.1466668,0.447868645
HouseDancing,LeftMiddleProximal,False,Infinity,-Infinity
HouseDancing,LeftMiddleIntermediate,False,Infinity,-Infinity
HouseDancing,LeftMiddleDistal,False,Infinity,-Infinity
HouseDancing,LeftRingProximal,False,Infinity,-Infinity
HouseDancing,LeftRingIntermediate,False,Infinity,-Infinity
HouseDancing,LeftRingDistal,False,Infinity,-Infinity
HouseDancing,LeftLittleProximal,False,Infinity,-Infinity
HouseDancing,LeftLittleIntermediate,False,Infinity,-Infinity
HouseDancing,LeftLittleDistal,False,Infinity,-Infinity
HouseDancing,RightThumbProximal,False,Infinity,-Infinity
HouseDancing,RightThumbIntermediate,False,Infinity,-Infinity
HouseDancing,RightThumbDistal,False,Infinity,-Infinity
HouseDancing,RightIndexProximal,True,0.158063546,0.4461939
HouseDancing,RightIndexIntermediate,True,0.153776169,0.445230663
HouseDancing,RightIndexDistal,True,0.147607312,0.442636
HouseDancing,RightMiddleProximal,False,Infinity,-Infinity
HouseDancing,RightMiddleIntermediate,False,Infinity,-Infinity
HouseDancing,RightMiddleDistal,False,Infinity,-Infinity
HouseDancing,RightRingProximal,False,Infinity,-Infinity
HouseDancing,RightRingIntermediate,False,Infinity,-Infinity
HouseDancing,RightRingDistal,False,Infinity,-Infinity
HouseDancing,RightLittleProximal,False,Infinity,-Infinity
HouseDancing,RightLittleIntermediate,False,Infinity,-Infinity
HouseDancing,RightLittleDistal,False,Infinity,-Infinity
HouseDancing,UpperChest,True,0.320440561,0.366499424
SlideHipHopDance,Hips,True,0.185203254,0.2123051
SlideHipHopDance,LeftUpperLeg,True,0.159774482,0.192665845
SlideHipHopDance,RightUpperLeg,True,0.151656657,0.185486823
SlideHipHopDance,LeftLowerLeg,True,0.08026547,0.107155249
SlideHipHopDance,RightLowerLeg,True,0.07596671,0.112148918
SlideHipHopDance,LeftFoot,True,0.0383521952,0.07432464
SlideHipHopDance,RightFoot,True,0.0395525061,0.07260667
SlideHipHopDance,Spine,True,0.228189826,0.25674364
SlideHipHopDance,Chest,True,0.279573262,0.308231652
SlideHipHopDance,Neck,True,0.383348435,0.433577329
SlideHipHopDance,Head,True,0.4082935,0.462069839
SlideHipHopDance,LeftShoulder,True,0.3731193,0.427382439
SlideHipHopDance,RightShoulder,True,0.376134157,0.423827171
SlideHipHopDance,LeftUpperArm,True,0.351207078,0.424165666
SlideHipHopDance,RightUpperArm,True,0.352000266,0.411489248
SlideHipHopDance,LeftLowerArm,True,0.2694878,0.393906921
SlideHipHopDance,RightLowerArm,True,0.2759991,0.353612632
SlideHipHopDance,LeftHand,True,0.215426371,0.365239739
SlideHipHopDance,RightHand,True,0.219045848,0.3297937
SlideHipHopDance,LeftToes,True,-0.010732918,0.0204072576
SlideHipHopDance,RightToes,True,-0.0101351859,0.03817628
SlideHipHopDance,LeftEye,False,Infinity,-Infinity
SlideHipHopDance,RightEye,False,Infinity,-Infinity
SlideHipHopDance,Jaw,False,Infinity,-Infinity
SlideHipHopDance,LeftThumbProximal,False,Infinity,-Infinity
SlideHipHopDance,LeftThumbIntermediate,False,Infinity,-Infinity
SlideHipHopDance,LeftThumbDistal,False,Infinity,-Infinity
SlideHipHopDance,LeftIndexProximal,True,0.185685486,0.3412904
SlideHipHopDance,LeftIndexIntermediate,True,0.182462782,0.340129346
SlideHipHopDance,LeftIndexDistal,True,0.174503267,0.3388537
SlideHipHopDance,LeftMiddleProximal,False,Infinity,-Infinity
SlideHipHopDance,LeftMiddleIntermediate,False,Infinity,-Infinity
SlideHipHopDance,LeftMiddleDistal,False,Infinity,-Infinity
SlideHipHopDance,LeftRingProximal,False,Infinity,-Infinity
SlideHipHopDance,LeftRingIntermediate,False,Infinity,-Infinity
SlideHipHopDance,LeftRingDistal,False,Infinity,-Infinity
SlideHipHopDance,LeftLittleProximal,False,Infinity,-Infinity
SlideHipHopDance,LeftLittleIntermediate,False,Infinity,-Infinity
SlideHipHopDance,LeftLittleDistal,False,Infinity,-Infinity
SlideHipHopDance,RightThumbProximal,False,Infinity,-Infinity
SlideHipHopDance,RightThumbIntermediate,False,Infinity,-Infinity
SlideHipHopDance,RightThumbDistal,False,Infinity,-Infinity
SlideHipHopDance,RightIndexProximal,True,0.17298919,0.312393636
SlideHipHopDance,RightIndexIntermediate,True,0.168254375,0.309772849
SlideHipHopDance,RightIndexDistal,True,0.160731256,0.305870056
SlideHipHopDance,RightMiddleProximal,False,Infinity,-Infinity
SlideHipHopDance,RightMiddleIntermediate,False,Infinity,-Infinity
SlideHipHopDance,RightMiddleDistal,False,Infinity,-Infinity
SlideHipHopDance,RightRingProximal,False,Infinity,-Infinity
SlideHipHopDance,RightRingIntermediate,False,Infinity,-Infinity
SlideHipHopDance,RightRingDistal,False,Infinity,-Infinity
SlideHipHopDance,RightLittleProximal,False,Infinity,-Infinity
SlideHipHopDance,RightLittleIntermediate,False,Infinity,-Infinity
SlideHipHopDance,RightLittleDistal,False,Infinity,-Infinity
SlideHipHopDance,UpperChest,True,0.33353278,0.367139667
SnakeHipHopDance,Hips,True,0.1606491,0.224153057
SnakeHipHopDance,LeftUpperLeg,True,0.109060481,0.198290542
SnakeHipHopDance,RightUpperLeg,True,0.133691758,0.210746169
SnakeHipHopDance,LeftLowerLeg,True,0.04486682,0.106658481
SnakeHipHopDance,RightLowerLeg,True,0.0585099868,0.121161
SnakeHipHopDance,LeftFoot,True,0.006123723,0.0595432334
SnakeHipHopDance,RightFoot,True,0.0173534323,0.0733381957
SnakeHipHopDance,Spine,True,0.1942761,0.2657472
SnakeHipHopDance,Chest,True,0.2281962,0.317220181
SnakeHipHopDance,Neck,True,0.2920773,0.428575575
SnakeHipHopDance,Head,True,0.3166239,0.456455976
SnakeHipHopDance,LeftShoulder,True,0.2808652,0.4340961
SnakeHipHopDance,RightShoulder,True,0.287491322,0.412990034
SnakeHipHopDance,LeftUpperArm,True,0.290528536,0.454769254
SnakeHipHopDance,RightUpperArm,True,0.27388525,0.40551722
SnakeHipHopDance,LeftLowerArm,True,0.233589932,0.5349169
SnakeHipHopDance,RightLowerArm,True,0.2108661,0.464457333
SnakeHipHopDance,LeftHand,True,0.181562185,0.605507255
SnakeHipHopDance,RightHand,True,0.134807974,0.539951563
SnakeHipHopDance,LeftToes,True,-0.04416306,0.007379025
SnakeHipHopDance,RightToes,True,-0.0301694945,0.0224410333
SnakeHipHopDance,LeftEye,False,Infinity,-Infinity
SnakeHipHopDance,RightEye,False,Infinity,-Infinity
SnakeHipHopDance,Jaw,False,Infinity,-Infinity
SnakeHipHopDance,LeftThumbProximal,False,Infinity,-Infinity
SnakeHipHopDance,LeftThumbIntermediate,False,Infinity,-Infinity
SnakeHipHopDance,LeftThumbDistal,False,Infinity,-Infinity
SnakeHipHopDance,LeftIndexProximal,True,0.1442738,0.658052444
SnakeHipHopDance,LeftIndexIntermediate,True,0.140580282,0.662856
SnakeHipHopDance,LeftIndexDistal,True,0.13493441,0.6700901
SnakeHipHopDance,LeftMiddleProximal,False,Infinity,-Infinity
SnakeHipHopDance,LeftMiddleIntermediate,False,Infinity,-Infinity
SnakeHipHopDance,LeftMiddleDistal,False,Infinity,-Infinity
SnakeHipHopDance,LeftRingProximal,False,Infinity,-Infinity
SnakeHipHopDance,LeftRingIntermediate,False,Infinity,-Infinity
SnakeHipHopDance,LeftRingDistal,False,Infinity,-Infinity
SnakeHipHopDance,LeftLittleProximal,False,Infinity,-Infinity
SnakeHipHopDance,LeftLittleIntermediate,False,Infinity,-Infinity
SnakeHipHopDance,LeftLittleDistal,False,Infinity,-Infinity
SnakeHipHopDance,RightThumbProximal,False,Infinity,-Infinity
SnakeHipHopDance,RightThumbIntermediate,False,Infinity,-Infinity
SnakeHipHopDance,RightThumbDistal,False,Infinity,-Infinity
SnakeHipHopDance,RightIndexProximal,True,0.08793397,0.5941709
SnakeHipHopDance,RightIndexIntermediate,True,0.08388536,0.599001169
SnakeHipHopDance,RightIndexDistal,True,0.07723694,0.606957
SnakeHipHopDance,RightMiddleProximal,False,Infinity,-Infinity
SnakeHipHopDance,RightMiddleIntermediate,False,Infinity,-Infinity
SnakeHipHopDance,RightMiddleDistal,False,Infinity,-Infinity
SnakeHipHopDance,RightRingProximal,False,Infinity,-Infinity
SnakeHipHopDance,RightRingIntermediate,False,Infinity,-Infinity
SnakeHipHopDance,RightRingDistal,False,Infinity,-Infinity
SnakeHipHopDance,RightLittleProximal,False,Infinity,-Infinity
SnakeHipHopDance,RightLittleIntermediate,False,Infinity,-Infinity
SnakeHipHopDance,RightLittleDistal,False,Infinity,-Infinity
SnakeHipHopDance,UpperChest,True,0.25045985,0.373980284
TutHipHopDance,Hips,True,0.190886468,0.213536784
TutHipHopDance,LeftUpperLeg,True,0.164627314,0.18872346
TutHipHopDance,RightUpperLeg,True,0.166140541,0.1960403
TutHipHopDance,LeftLowerLeg,True,0.07178668,0.09966121
TutHipHopDance,RightLowerLeg,True,0.07354683,0.136214212
TutHipHopDance,LeftFoot,True,0.03364089,0.0567372777
TutHipHopDance,RightFoot,True,0.03533194,0.101066373
TutHipHopDance,Spine,True,0.235337168,0.257264256
TutHipHopDance,Chest,True,0.285856366,0.3082257
TutHipHopDance,Neck,True,0.4035898,0.432145059
TutHipHopDance,Head,True,0.429585665,0.461025357
TutHipHopDance,LeftShoulder,True,0.39584136,0.424139321
TutHipHopDance,RightShoulder,True,0.396424979,0.4231174
TutHipHopDance,LeftUpperArm,True,0.3794288,0.4110963
TutHipHopDance,RightUpperArm,True,0.379594624,0.416973829
TutHipHopDance,LeftLowerArm,True,0.301698148,0.434454143
TutHipHopDance,RightLowerArm,True,0.307719648,0.5024317
TutHipHopDance,LeftHand,True,0.233946353,0.457884967
TutHipHopDance,RightHand,True,0.229748785,0.513976455
TutHipHopDance,LeftToes,True,-0.0207085963,0.0452806242
TutHipHopDance,RightToes,True,-0.0127661405,0.117043763
TutHipHopDance,LeftEye,False,Infinity,-Infinity
TutHipHopDance,RightEye,False,Infinity,-Infinity
TutHipHopDance,Jaw,False,Infinity,-Infinity
TutHipHopDance,LeftThumbProximal,False,Infinity,-Infinity
TutHipHopDance,LeftThumbIntermediate,False,Infinity,-Infinity
TutHipHopDance,LeftThumbDistal,False,Infinity,-Infinity
TutHipHopDance,LeftIndexProximal,True,0.179449,0.498056918
TutHipHopDance,LeftIndexIntermediate,True,0.174138129,0.5027035
TutHipHopDance,LeftIndexDistal,True,0.166331008,0.5097341
TutHipHopDance,LeftMiddleProximal,False,Infinity,-Infinity
TutHipHopDance,LeftMiddleIntermediate,False,Infinity,-Infinity
TutHipHopDance,LeftMiddleDistal,False,Infinity,-Infinity
TutHipHopDance,LeftRingProximal,False,Infinity,-Infinity
TutHipHopDance,LeftRingIntermediate,False,Infinity,-Infinity
TutHipHopDance,LeftRingDistal,False,Infinity,-Infinity
TutHipHopDance,LeftLittleProximal,False,Infinity,-Infinity
TutHipHopDance,LeftLittleIntermediate,False,Infinity,-Infinity
TutHipHopDance,LeftLittleDistal,False,Infinity,-Infinity
TutHipHopDance,RightThumbProximal,False,Infinity,-Infinity
TutHipHopDance,RightThumbIntermediate,False,Infinity,-Infinity
TutHipHopDance,RightThumbDistal,False,Infinity,-Infinity
TutHipHopDance,RightIndexProximal,True,0.172709286,0.5478192
TutHipHopDance,RightIndexIntermediate,True,0.167498529,0.5513296
TutHipHopDance,RightIndexDistal,True,0.158857569,0.5557437
TutHipHopDance,RightMiddleProximal,False,Infinity,-Infinity
TutHipHopDance,RightMiddleIntermediate,False,Infinity,-Infinity
TutHipHopDance,RightMiddleDistal,False,Infinity,-Infinity
TutHipHopDance,RightRingProximal,False,Infinity,-Infinity
TutHipHopDance,RightRingIntermediate,False,Infinity,-Infinity
TutHipHopDance,RightRingDistal,False,Infinity,-Infinity
TutHipHopDance,RightLittleProximal,False,Infinity,-Infinity
TutHipHopDance,RightLittleIntermediate,False,Infinity,-Infinity
TutHipHopDance,RightLittleDistal,False,Infinity,-Infinity
TutHipHopDance,UpperChest,True,0.3416414,0.366449118
